PostID	Platform	Author	Date	Content	Hashtags	Likes	Comments	Shares
C177	Facebook	user_26	9/28/2024	Control-M competition is heating up Stonebranch seems promising for cloud workloads.	#BatchJobs #Automation #CloudComputing #AI	478	23	44
C028	Facebook	user_37	8/21/2025	Optimizing resource allocation with Control-M beats manual scheduling any day!	#WorkloadScheduling #ITOps	564	36	29
C080	Facebook	user_37	8/17/2024	Control-M competition is heating up Control-M seems promising for cloud workloads.	#Efficiency #WorkloadScheduling #AI #Automation	282	86	17
C159	Reddit	user_21	10/2/2024	If workload automation is your thing ActiveBatch is worth a look.	#AI #Automation	458	120	13
C192	Facebook	user_1	9/24/2024	Comparing Stonebranch and JAMS for workflow automation: pros and cons.	#AI #Productivity #ITOps #BatchJobs	209	64	47
C164	Facebook	user_20	8/22/2025	Comparing JAMS and Automic for workflow automation: pros and cons.	#TechTrends #Productivity #Automation #CloudComputing #TaskManagement	539	106	60
C017	Reddit	user_16	8/18/2024	Automating batch jobs using Automic has never been easier.	#Efficiency #ITOps #BatchJobs #Productivity #CloudComputing	220	89	27
C109	Twitter/X	user_45	8/9/2025	ActiveBatch vs Automic: which one would you recommend for enterprise scheduling?	#Automation #BatchJobs #TaskManagement #AI	593	91	0
C186	LinkedIn	user_31	9/8/2024	Anyone tried Control-M in production environments? Hows it handling large workloads?	#AI #ITOps #DevOps #Automation	42	87	56
C170	Twitter/X	user_4	9/1/2024	Control-M vs JAMS: which one would you recommend for enterprise scheduling?	#Efficiency #DevOps	85	59	5
C096	Twitter/X	user_30	8/17/2024	Automating batch jobs using ActiveBatch has never been easier.	#Efficiency #AI #ControlM	235	23	7
C094	Reddit	user_4	8/19/2024	Control-M competition is heating up ActiveBatch seems promising for cloud workloads.	#AI #TaskManagement #Automation #CloudComputing #Productivity	131	66	41
C042	Facebook	user_33	8/28/2024	Fun fact: Automic integrates seamlessly with multiple cloud providers.	#ITOps #Productivity #WorkloadScheduling #ControlM	516	44	52
P056	Facebook	user_5	9/30/2025	Workload scheduling isnt glamorous but its critical to system stability.	#WorkloadScheduling #Efficiency	118	68	47
C002	Facebook	user_5	9/18/2025	JAMS vs JAMS: which one would you recommend for enterprise scheduling?	#TechTrends #Efficiency #AI #BatchJobs	29	92	1
C104	Twitter/X	user_22	10/4/2024	We switched from Automic to Redwood huge efficiency gains!	#TaskManagement #BatchJobs	449	40	33
C181	Facebook	user_23	8/18/2024	If workload automation is your thing JAMS is worth a look.	#Productivity #WorkloadAutomation #ITOps #TechTrends #CloudComputing	566	64	2
C075	Twitter/X	user_14	8/17/2025	Anyone tried Control-M in production environments? Hows it handling large workloads?	#WorkloadScheduling #DevOps #TaskManagement #ITOps #AI	108	102	41
C200	Facebook	user_19	10/1/2025	Exploring Stonebranch for workload automation really impressed with the scheduling features!	#WorkloadScheduling #ControlM #Efficiency	359	36	12
C128	LinkedIn	user_29	9/9/2024	Automating batch jobs using Stonebranch has never been easier.	#Efficiency #DevOps	138	2	14
C007	Facebook	user_3	9/8/2024	If workload automation is your thing Control-M is worth a look.	#BatchJobs #WorkloadAutomation #CloudComputing #DevOps	520	92	33
C036	LinkedIn	user_2	8/21/2024	We switched from Stonebranch to ActiveBatch huge efficiency gains!	#BatchJobs #CloudComputing #ITOps #TaskManagement #Productivity	79	119	34
C184	Reddit	user_36	9/25/2024	Comparing Redwood and Redwood for workflow automation: pros and cons.	#DevOps #ITOps #AI #WorkloadAutomation #TaskManagement	260	35	43
C125	LinkedIn	user_19	10/6/2025	JAMS vs Stonebranch: which one would you recommend for enterprise scheduling?	#CloudComputing #Productivity #ControlM	396	41	20
P016	Facebook	user_28	8/13/2025	Tried dynamic workload scheduling today huge impact on CPU utilization.	#ITOps #CloudComputing	171	85	39
